point,pgrass_250,ed_250,pgrass_3000,ed_3000
4LE1-08,0.6103420130615872,0.013196307171230942,0.2705500951202669,0.008933211722820246
4LE1-09,0.7924524716212844,0.006403229353208452,0.28014173886336624,0.008820644682411909
4LE1-10,0.9333112575353291,0.0049561449991729675,0.284579524703907,0.008715530608406312
4LE1-11,0.8383911501669695,0.0034106251233985627,0.2832824492876538,0.008655381780777247
4LE1-12,0.7741801675367973,0.0035991362792806743,0.28417633399837083,0.008677036055799907
4LE1-13,0.7390830424771908,0.006397331647675776,0.2764910748380983,0.008755997139295367
5LE1-01,0.7310025563080823,0.0032627931205963965,0.1760417628493843,0.010411065121384363
5LE1-02,0.9999999999999822,0,0.17475902246842415,0.010276971650742744
5LE1-03,1.000000000000044,0,0.17264131207495764,0.010359783170622201
5LE1-04,0.9916471542355161,6.085153189172316e-4,0.17182189071312406,0.010496379343945109
5LE1-05,1.0000000000000475,0,0.17113560644511347,0.01039118031908757
5LE1-06,0.9974072926346044,3.640745550420812e-4,0.16861375426240932,0.010429794044360454
5LE1-07,0.9605317441185568,0.002822445167444331,0.1677801002135262,0.010564625909884561
5LE1-10,0.803997717249473,0.00302272793901985,0.17516256251378,0.010442725217337566
2LE1b-02,0.9311243914715929,0.0022775668766688456,0.7118395370653707,0.004329665579936548
2LE1b-12,0.9502650349888236,0.002334097785716621,0.7841341587979328,0.004789639084693993
2LE1b-13,1.0000000000000344,0,0.7890718202385927,0.004793660918107891
2LE1b-15,0.9160612177271138,0.0023469442420010938,0.7725874174321979,0.004999363898712989
2LE1b-16,0.9999999999999893,0,0.784600146803773,0.004920610283679738
2LE1b-18,1.0000000000000557,0,0.7578349219881337,0.005235744976969712
2LE1b-20,0.9775800149407122,0.0010464252875229075,0.7726218200073087,0.004946907037298991
2LE1b-21,0.9999999999999941,0,0.774134892127527,0.005222745705365749
2LE1b-22,1.000000000000001,0,0.7515897621653416,0.005348628542256184
2LE1b-24,1.0000000000000664,0,0.7643783845521247,0.005451034960065403
2LE1b-26,0.9016593937221095,0.002410256187884132,0.7572806214829128,0.005475041037326333
2LE1b-30,1.000000000000013,0,0.7151803121381102,0.005701927185032827
2SI1-01,0.5611058332755148,0.009229419220236965,0.0338621990605652,0.015298300564253398
2SI1-02,0.5913669882092167,0.01284738868097512,0.03386219906056459,0.015298300564253398
2SI1-03,0.2668510796214239,0.027812493308042235,0.03386219906056519,0.015298300564253398
2SI1-04,0.28957673097711034,0.032540498376039804,0.033862199060564604,0.015298300564253398
2SI1-05,0.33023265651728106,0.02865653399652519,0.033862199060564674,0.015298300564253398
2SI1-06,0.7931896260874687,0.007387127774212752,0.033862199060564986,0.015298300564253398
2SI1-07,0.7246031260968027,0.0052684486384080974,0.03386219906056499,0.015298300564253398
5LE4-01,0.9193620087957312,0.0074335004749986255,0.23597653110291955,0.005504477431566171
5LE4-02,1.0000000000000202,0,0.24246022292930208,0.0055045971572297275
5LE4-03,1.0000000000000497,0,0.24753156968617676,0.005500263896990059
5LE4-04,0.9999999999999893,0,0.25117371108827435,0.0054985472324351565
5LE4-05,1.0000000000000653,0,0.2524728318674721,0.005516789592644567
5LE4-06,1.0000000000000082,0,0.2500864348361911,0.005315747247482785
5LE4-07,0.9999999999999881,0,0.24774252254821885,0.005205324871708406
5LE4-08,0.9999999999999633,0,0.24660201677245616,0.005157160127513556
5LE4-09,0.9999590654860318,6.754780393308338e-5,0.24499822869582186,0.005036427797140166
5LE4-10,0.958777554931933,0.0026909920403769493,0.24035585040577262,0.004922397315314809
5LE4-11,0.9656486765027041,0.001868623384378622,0.23446602493710175,0.004743873157377928
5LE4-12,1.0000000000000355,0,0.22812860426635898,0.004552589801004306
5LE4-13,0.9372625520560094,0.002877898403624142,0.20435850362327335,0.004165840343492285
4SI2-01,0.584656693647653,0.01312805892172874,0.041264667817547104,0.015031363955322395
4SI2-02,0.8712708993653739,0.005835680452335188,0.041264667817547625,0.015031363955322395
4SI2-03,0.9834921369076556,9.472583882445883e-4,0.04126466781754794,0.015031363955322395
4SI2-04,0.7058717027596348,0.0034894934237782076,0.04126466781754787,0.015031363955322395
4SI2-05,0.5124993763896352,0.0066184401086544125,0.041264667817547576,0.015031363955322395
4SI2-06,0.3832170829603632,0.008760611030302286,0.04126466781754787,0.015031363955322395
4SI2-07,0.82737365953137,0.005775268909281172,0.041264667817547986,0.015031363955322395
4SI5-01,0.25547852548154054,0.018644402963248062,0.0017741564269539124,0.018644402963248062
4SI5-02,0.2554785254815217,0.018644402963248062,0.0017741564269539512,0.018644402963248062
1LE4-01,0.9560132132723381,0.004605968408559146,0.8366404858978383,0.004209192176529829
1LE4-02,0.9741774119691617,0.002712918687800926,0.8271618665847663,0.004082500396350503
1LE4-03,1.0000000000000298,0,0.8338664837628199,0.004099415033761975
1LE4-04,0.9999999999999929,0,0.847261000992132,0.00426051400456741
1LE4-05,1.0000000000000024,0,0.8532338259396695,0.004464899513853381
1LE4-06,0.9802641182233005,0.0018621035920297064,0.8493447793435713,0.004399234738857933
1LE4-07,0.9999999999999336,0,0.8430420243228933,0.004193077899640053
1LE4-08,0.9679150289162496,0.0035829789954515594,0.7645437787032454,0.004262170414715953
1LE4-09,0.9999999999999608,0,0.7450913894317193,0.004697192188847423
1LE4-10,0.9999999999999964,0,0.7490825496432773,0.00491417897508195
1LE4-11,1.0000000000000284,0,0.7749347546412428,0.004608993977018525
1LE4-12,0.9999999999999608,0,0.7890090788193516,0.004397090407653233
1LE4-13,0.9999999999999633,0,0.7850862238408444,0.004181378496576986
1LE4-14,1.0000000000000284,0,0.7681316798201799,0.004477192154692913
1LE4-15,0.9749133420152483,0.0032255291841544486,0.6839976533524009,0.005244825708997396
1LE4-16,1.0000000000001128,0,0.6611538556074146,0.005368781249506247
1LE4-17,1.0000000000001128,0,0.6614412575952735,0.0056184835924071985
1LE4-18,1.000000000000032,0,0.6880110000165767,0.005460485036549755
1LE4-19,1.0000000000001328,0,0.7036392722468818,0.005401295582941195
1LE4-20,1.000000000000051,0,0.7009177579741447,0.005321057515401087
1LE4-22,0.9637304794114765,0.004705577145509824,0.6885253582700829,0.0046063865548532775
1LE4-23,0.9792143383567297,0.0027100730154911118,0.6613307260072179,0.004619557016653372
1LE4-24,0.9999999999999798,0,0.651498432986996,0.004456499448187624
1LE4-25,0.9999999999998967,0,0.670265116056039,0.0041562707195418975
1LE4-26,1.000000000000006,0,0.6971119164444455,0.004067240049727338
1LE4-27,0.9760989128658173,0.003035593522582017,0.7037097893725363,0.004298402028703623
1LE4-28,0.9999999999998967,0,0.6799660083130614,0.004330188338901565
1LE4-29,0.9637376456446123,0.005624698931895229,0.6251552942561978,0.005408819351651863
1LE4-31,1.0000000000000082,0,0.7388489253128773,0.005286616264353766
1LE4-32,0.9999999999999514,0,0.7648247776797883,0.005020586667412851
1LE4-34,0.9999999999999941,0,0.8227986519189731,0.004242023165796337
1LE4-35,1.000000000000051,0,0.8335604556815612,0.0044391518986913025
1LE4-37,0.783064138929773,0.007528949622296551,0.8698369517597054,0.004715881306939376
4LE2-01,0.9089683704543984,0.0027669071951033283,0.3153870297795329,0.004510950700937119
4LE2-02,0.9999999999999253,0,0.31456258662408076,0.00464598750229614
4LE2-03,0.9999999999999691,0,0.3151648242445619,0.004574282090134288
4LE2-04,1.0000000000000926,0,0.31941317055809026,0.00422554262135273
4LE2-05,0.9999999999999869,0,0.3223029826177254,0.004153122942039223
4LE2-06,0.9971428635006737,3.413510002345812e-4,0.3197291503372203,0.00413626691865086
4LE2-07,0.9999999999999407,0,0.3175665920760896,0.0043263608652854765
4LE2-08,0.9999999999998362,0,0.3436913768472346,0.004145895595895701
4LE2-09,0.9999999999999929,0,0.355389259086081,0.004274015406417547
4LE2-10,1.0000000000000344,0,0.3551145890609514,0.004437122424285613
4LE2-11,1.0000000000000842,0,0.3540904959992066,0.0044080775007918835
4LE2-12,1.0000000000000497,0,0.3643640497218891,0.004487343734076641
4LE2-13,1.000000000000039,0,0.3603950055209121,0.004446108261180376
4LE2-14,1.000000000000039,0,0.35971716129475245,0.004375249783629752
4LE2-15,1.0000000000000107,0,0.36245978517956184,0.004484168036090952
4LE2-16,1.0000000000000107,0,0.36036640058377023,0.004337620763650451
4LE2-17,0.8966585650737567,0.0020999484208631103,0.3635925709857495,0.004501267846283904
4LE2-18,0.9815339405088397,0.0012025192144706975,0.36623888296114704,0.00450359753044036
4LE2-25,1.000000000000203,0,0.381146943491582,0.004850440684861438
4LE2-27,0.9999999999999276,0,0.38194118530467785,0.004900518055506911
4LE2-36,1.000000000000051,0,0.33376845239994346,0.0040217319980027375
4LE2-42,0.9999999999999608,0,0.3308362408182072,0.004019512951135686
4LE2-45,1.000000000000089,0,0.3018181642957959,0.005238142553330763
4LE2-52,0.9999999999998612,0,0.30114128286275904,0.005849948896165755
4LE2-74,0.9999999999999086,0,0.2981676629791294,0.0056600365748558775
4LE2-82,1.000000000000203,0,0.33574438369295667,0.004117153543418921
4LE2-84,0.9999999999999324,0,0.3455945962998186,0.00409174517001588
4LE2-85,0.9999999999999798,0,0.3480397159441298,0.004164400753614825
4LE2b-01,0.9346484560999703,0.0018281838211402078,0.3903981712565459,0.004917893465637856
4LE2b-02,1.0000000000000937,0,0.39332968726425366,0.004862001230628082
4LE2b-03,0.9762462237982862,0.0014238848473798996,0.389147974437789,0.0048701136982812225
4LE2b-04,1.000000000000006,0,0.387486639858733,0.004933900960119146
4LE2b-05,0.9999999999999407,0,0.3918816911555163,0.004912528135349168
4LE2b-06,0.9999999999999787,0,0.39082227238788886,0.004883259395418047
4LE2b-07,0.9999999999999027,0,0.3852038893309927,0.004928572284669727
4LE2b-08,0.9999999999999395,0,0.3849467716284232,0.004968927523320848
4LE2b-09,1.0000000000000095,0,0.37964443008074,0.004959719465026986
4LE2b-10,1.0000000000000664,0,0.3779730199769442,0.004954752718164653
4LE2b-11,1.0000000000000664,0,0.3792903769461958,0.0048334107694690005
4LE2b-12,0.9999999999999514,0,0.38437823267964366,0.004980046476099452
4LE2b-13,0.9999999999998612,0,0.3852957336437549,0.004889168729429973
4LE2b-14,0.9999999999999288,0,0.38849867042577474,0.004960921111028247
5SI1-01,0.8655024210485863,0.005040929000195129,0.0982154883369622,0.010465162719030552
5SI1-02,0.7345688643371135,0.01133877690263856,0.0982154883369639,0.010465162719030552
5SI1-04,0.8867079769567905,0.00372819285091683,0.09821548833696252,0.010465162719030552
5SI1-05,0.9404669174515349,0.0018807108201975824,0.09821548833696146,0.010465162719030552
1SI4-01,0,0,0,0
1SI4-02,0,0,0,0
1SI4-03,0,0,0,0
5SI2-01,0.41193470899497886,0.013522736062116257,0.020226428216869728,0.02621272815602182
5SI2-02,0.7125929424814251,0.008058109753927914,0.02022642821686996,0.02621272815602182
5SI2-03,0.6870239067089047,0.009668075540263173,0.020226428216869947,0.02621272815602182
5SI2-04,0.3582014558691079,0.012810488983054948,0.020226428216870415,0.02621272815602182
5SI2-05,0.5160590696106683,0.012560014003097595,0.020226428216870394,0.02621272815602182
5SI2-06,0.7646425615264115,0.011261686087780888,0.020226428216869947,0.02621272815602182
5SI2-07,0.5980986737942551,0.020618504769652712,0.020226428216870082,0.02621272815602182
3LE2-01,1.0000000000001388,0,0.4527993892519298,0.0078014120356403455
3LE2-02,1.0000000000000961,0,0.4769289156424012,0.006265515249911283
3LE2-03,0.9999999999999241,0,0.45690384467178147,0.007792183724816618
3LE2-04,0.9585733513610045,0.0017910885759646002,0.45631813015568856,0.007595037570466657
3LE2-05,0.9999999999998671,0,0.4598971583039827,0.007560868971666279
3LE2-06,1.0000000000000735,0,0.45921542407194743,0.007714659935745919
3LE2-07,1.0000000000001459,0,0.4544908463731825,0.007804759727673002
3LE2-08,0.9564255650264604,0.002227115948965532,0.4986722307760926,0.006527774945702609
3LE2-09,0.8985122878921519,0.0023758179334509586,0.49605710624126625,0.006483253441579569
3LE2-10,0.7466540578351467,0.005781160869748106,0.49730924586699427,0.006649717690590674
3LE2-11,0.9168493301336966,0.0025768649673275435,0.4970648532019974,0.006579054636143758
3LE2-12,0.9999999999999134,0,0.48053990517108963,0.00693712483284765
3LE2-13,0.9899720223941452,6.015928427337754e-4,0.4533495551880559,0.007864568654445401
3LE2-14,0.9999999999999111,0,0.45237276062236953,0.007828416683701532
1SI1-01,0.4649018851635308,0.016961170291564315,0.028391159765431644,0.014537282270311253
1SI1-02,0.4998899628546913,0.010140220171730998,0.02839115976543187,0.014537282270311253
1SI1-03,0.6495485251800988,0.00811070589677769,0.028391159765431644,0.014537282270311253
1SI1-04,0.6376477598235712,0.00997588359467483,0.028391159765432054,0.014537282270311253
1SI1-05,0.3621398149984126,0.01636973018954689,0.028391159765431637,0.014537282270311253
1SI1-06,0.5135981429969229,0.008841928265813339,0.028391159765432473,0.014537282270311253
1SI1-07,0.6720137906339373,0.005771314647958879,0.028391159765432033,0.014537282270311253
1SI1-08,0.6779796353631217,0.005422654154188709,0.02839115976543213,0.014537282270311253
1SI1-09,0.4178518668907814,0.01064048061369998,0.02839115976543138,0.014537282270311253
1SI1-10,0.511027661437663,0.017259274531919645,0.02600198662747246,0.01447328919207882
1SI1-11,0.5238845796952002,0.012946478887268811,0.02354978333041456,0.014918455984478381
5LE2-01,0.6459539552717574,0.007205084874940242,0.08380387783400858,0.011216334912920635
5LE2-02,0.7213599259231,0.006751568521906088,0.07564318830691986,0.011957286704510966
5LE2-03,0.8036207008680215,0.005053526933263327,0.07138563693495581,0.012294280320887304
5LE2-04,0.877308057547521,0.0037171094343137986,0.07868781927960164,0.011899344197559185
5LE2-05,0.9624638091747413,0.0017816082546957296,0.06988810658638903,0.012222752173936343
5LE2-06,0.9097740497648467,0.002317280902810924,0.06842614622076244,0.011545005680094365
5LE2-07,0.8700656303105928,0.008627055740518851,0.06842614622076272,0.011545005680094365
5LE2-08,0.6464773374192428,0.009726510955457525,0.06842614622076293,0.011545005680094365
5LE2-09,0.7623990452343362,0.010389925520266503,0.06842614622076353,0.011545005680094365
5LE2-10,0.6861105491940591,0.01379813642780771,0.06842614622076411,0.011545005680094365
5LE2-11,0.6348039582182718,0.018964451710391843,0.0684261462207622,0.011545005680094365
5LE2-12,0.8087306954637539,0.01238973443363494,0.06842614622076296,0.011545005680094365
5LE2-13,0.6588284057604381,0.009616154270307663,0.06842614622076372,0.011545005680094365
5LE2-14,0.7011399756256745,0.011911085317951261,0.06842614622076255,0.011545005680094365
4SI4-01,0.4423526096230291,0.007567342566718342,0.010539784876598113,0.0093069659967642
4SI4-02,0.7154426094916824,0.0037155355530537827,0.010539784876598035,0.0093069659967642
4SI4-03,0.849899020487712,0.005073132727298111,0.010539784876598091,0.0093069659967642
4SI4-04,0.7751683837193176,0.00799770430414229,0.010539784876598261,0.0093069659967642
4SI4-05,0.6172413533951974,0.005575509252070321,0.0105397848765985,0.0093069659967642
4SI4-06,0.60120122410943,0.006957213403137361,0.010539784876598028,0.0093069659967642
4SI4-07,0.3795270082427485,0.009904225648427583,0.010539784876597933,0.0093069659967642
4SI4-08,0.4129757163946693,0.009113098717695594,0.010539784876598068,0.0093069659967642
4SI4-09,0.6697108067919761,0.0040878862395697805,0.010539784876598231,0.0093069659967642
3SI2-01,0.6109980122572972,0.007090667217265717,0.01864367807396592,0.01476939400099082
3SI2-02,0.9026889034161619,0.003656939921687217,0.018643678073965077,0.01476939400099082
3SI2-03,0.8575605106053102,0.009283365626545463,0.018643678073965563,0.01476939400099082
3SI2-04,0.6613692785938868,0.015557127493642728,0.018643678073965622,0.01476939400099082
3SI2-05,0.7898727209783404,0.01037274487577377,0.018643678073965064,0.01476939400099082
3SI2-06,0.9177399651676935,0.0034462546843847136,0.01864367807396557,0.01476939400099082
1SI2-01,0.6679206640804588,0.012014509340479738,0.00883304151421083,0.020723456386452625
1SI2-02,0.4807973262792778,0.015787529438261744,0.008833041514210925,0.020723456386452625
1SI2-03,0.2519634292962343,0.026732336959114204,0.008833041514211257,0.020723456386452625
1SI2-04,0.27930766245458294,0.023215629332492927,0.008833041514210972,0.020723456386452625
1SI2-05,0.24729884245414016,0.02579080386243087,0.008833041514211187,0.020723456386452625
2SI4-01,0.885234154678534,0.008925573683909532,0.05735694505849626,0.007893766342521431
2SI4-02,0.7851866139151665,0.004010343017699797,0.05735694505849503,0.007893766342521431
2SI4-03,0.8685825313681039,0.0049831187882527625,0.05735694505849559,0.007893766342521431
2SI4-04,0.5815292001180683,0.008869819576373362,0.05735694505849543,0.007893766342521431
2SI2-01,0.4870856961183852,0.01682590145232214,0.008169505781384296,0.019432617873394502
2SI2-02,0.5497828430260295,0.01099769885383253,0.008169505781384404,0.019432617873394502
2SI2-03,0.6082303976426884,0.012830997259028925,0.008169505781384508,0.019432617873394502
2SI2-04,0.4393083522775359,0.017560326403070908,0.00816950578138436,0.019432617873394502
2SI2-05,0.5828293915103987,0.009652315666847908,0.008169505781384383,0.019432617873394502
5SI3-01,0.40860592504856724,0.013564751421636151,0.008080952035314075,0.01883299267590115
5SI3-02,0.4236061202044827,0.017429393031276975,0.00808095203531414,0.01883299267590115
5SI3-03,0.3571421458041135,0.02363384022018438,0.008080952035314167,0.01883299267590115
5SI3-04,0.3329668972744347,0.02435665650241359,0.008080952035314117,0.01883299267590115
5SI3-05,0.5403655195558766,0.016062826534287405,0.008080952035314249,0.01883299267590115
5SI3-06,0.652701750364468,0.01315118785068949,0.008080952035314148,0.01883299267590115
5SI3-07,0.4137857040368506,0.010992675919251757,0.00808095203531413,0.01883299267590115
2SI3-01,0.6576125758395028,0.0060907555490724375,0.011304959096524783,0.00757123776677577
2SI3-02,0.6345510100767952,0.003931737774284698,0.011304959096524828,0.00757123776677577
2SI3-03,0.6160734122061666,0.004104661169467503,0.011304959096525166,0.00757123776677577
2SI3-04,0.5641206727960701,0.007447325746454192,0.011304959096524823,0.00757123776677577
2SI3-05,0.5765075505364955,0.005870316321145003,0.011304959096524883,0.00757123776677577
2SI3-06,0.8082742114372821,0.0027137518347639653,0.011304959096524968,0.00757123776677577
1LI1-01,0.9999999999999691,0,0.16883882245948895,0.00711819337856107
1LI1-02,0.9522130623389298,0.001995167870158948,0.17110803760504711,0.007230052590728193
1LI1-03,0.932350055445221,0.0020211363182057428,0.17608161228329808,0.0075779246596944985
1LI1-04,0.9999999999999917,0,0.179747046314529,0.007985619107203008
1LI1-05,1.0000000000000582,0,0.17571894846599942,0.007555229135416259
1LI1-06,0.9994267886265499,3.538087177859429e-4,0.174719970023623,0.007467010016358039
1LI1-07,1.0000000000000082,0,0.17914025317134538,0.007900051711071604
1LI1-08,0.9984747192236382,4.896702081852236e-4,0.1826483533530576,0.00805121752860216
1LI1-09,1,0,0.18940081817540283,0.008205903880246746
1LI1-10,0.9842559335013041,0.0012912916854120517,0.191047021166979,0.008298301028016822
1LI1-11,0.8681314554662338,0.00229094179170759,0.18899713010746552,0.008209764319922451
1LI1-12,0.9999999999998208,0,0.1878893865203093,0.008215186879705773
1LI1-13,0.9999999999998208,0,0.18380813739297844,0.008088512761228052
1LI1-14,0.8880616338424987,0.002149248091946328,0.18538758187394322,0.008156963220246793
1LI1-15,0.8414544302587221,0.0024818399567214603,0.15681524204994923,0.007039872285926613
1LI1-24,1.0000000000000557,0,0.1851559019885442,0.008135655390707677
3SI3-04,0.6453529976697889,0.01629803285852692,0.03858509339513751,0.016064548756743183
3SI3-05,0.6195180392302372,0.012750151729945475,0.03858509339513722,0.016064548756743183
3SI3-06,0.6299351777388158,0.00912801732974812,0.03858509339513846,0.016064548756743183
3SI3-07,0.6752296306369692,0.009040721621782936,0.03858509339513791,0.016064548756743183
3LE1-01,0.9991739929656954,1.8988677515404225e-4,0.19001313016572438,0.013252484394926562
3LE1-03,0.8773059212159389,0.0030443222993999804,0.2025634011887022,0.013347009235257048
3LE1-04,0.9146748868130329,0.005076577932087734,0.21780928500776087,0.013184770497312454
3LE1-05,1.000000000000045,0,0.2103250119850886,0.013189052907254488
3LE1-06,1.0000000000001472,0,0.20628386432758797,0.013101777805827301
3LE1-07,0.999999999999943,0,0.19965280628071042,0.013304797231602456
3LE1-08,0.9756778959450727,0.002131686522636012,0.19565626009279666,0.013214226720099465
3LE1-09,0.9999999999999241,0,0.22642279244165528,0.012921289477478027
3LE1-14,0.9264357918357602,0.005905132205846646,0.30392541596025996,0.011564098849740039
3LE1-19,0.9971784910413111,3.3825180575452796e-4,0.23256080179538074,0.01294627740705074
3LE1-20,0.8053652495932027,0.005710097370897523,0.23487249532126475,0.013051481298188547
3LE1-22,0.9991175565215699,1.8891101535669323e-4,0.256305638493481,0.012326781631989001
3LE1-46,0.7615343325112554,0.009171109369040312,0.2817842904636751,0.012015514001948155
3LE1-47,0.8041774953373557,0.007260993696544524,0.2433277011984038,0.012883281449099076
3LE1-48,0.9244246227536058,0.005746495096202153,0.27050737908857914,0.011936175010823976
3LE1-53,0.9491421530338339,0.002175875446699266,0.18162239512327183,0.01312181234397863
1LE6-01,1.0000000000000036,0,0.5647962198605607,0.002801925376872883
1LE6-02,1.0000000000001057,0,0.5863068988957914,0.0027097890022055537
1LE6-03,1.0000000000000153,0,0.6112777643834527,0.002664776869616872
1LE6-04,1,0,0.6173391051972711,0.0025458203599921445
1LE6-05,1.0000000000001057,0,0.5898641412734499,0.0026707715888232954
1LE6-06,1.0000000000000344,0,0.5911177997553411,0.0026609192775441746
1LE6-07,1.0000000000000142,0,0.5640011947235524,0.0028678604909644586
4LE1-01,0.9944577114961262,7.532215008938947e-4,0.28429426532669183,0.008817505172252268
4LE1-02,0.9130098467683548,0.0019482465156030442,0.2813458605738924,0.008926767404779476
4LE1-03,1.000000000000006,0,0.2803225156971846,0.008888604141195015
4LE1-04,1.0000000000000604,0,0.2826186914464894,0.008781745834736444
4LE1-05,0.9999999999999633,0,0.2833631831924892,0.008618185248316937
4LE1-06,0.9984464515456132,4.940819085786494e-4,0.283843189987004,0.00867422782059752
4LE1-07,0.9999999999998861,0,0.28332176138216547,0.00883601516100604
4LE1-23,0.9920942767841981,8.468510895630332e-4,0.27483099677199735,0.008346708095461196
4LE1-25,0.9885892080666338,0.001534680405298772,0.2798994450401585,0.008555028210211688
5LE3-01,0.9536614499309142,0.0017061047473581434,0.1339995293131163,0.008011778171413686
5LE3-02,1.0000000000000415,0,0.13399952931311496,0.008011778171413686
5LE3-03,0.9994651829965109,1.590253363965153e-4,0.13399952931311815,0.008011778171413686
5LE3-04,0.9982837123159106,5.093204834176493e-4,0.13399952931311856,0.008011778171413686
5LE3-05,0.9253157277436819,0.002010332257645584,0.13327463784308968,0.007829092645933924
5LE3-06,0.9479003267160102,0.003331445435489718,0.1338418252596824,0.007957347860115496
5LE3-07,0.9608326760753546,0.00311570181519967,0.13399952931311784,0.008011778171413686
5LE3-09,0.7911617303729342,0.0029971406223539433,0.1339995293131161,0.008011778171413686
5LE3-14,0.9285741745262337,0.003941493297134862,0.1339995293131153,0.008011778171413686
2LE4-01,0.6277739180715556,0.004733908370041948,0.1601462204397942,0.012994914511043574
2LE4-02,0.9123803170437456,0.004697652852807767,0.16138977955686687,0.013231220257938641
2LE4-03,0.6113851015615706,0.012793969640683144,0.16139120885783556,0.013236410222742944
2LE4-04,0.8624921902899955,0.008226308840137964,0.1613912088578374,0.013236410222742944
2LE4-05,0.6556105405142175,0.01523213127750903,0.16139120885783895,0.013236410222742944
2LE4-06,0.9673352866943622,0.003435781216982483,0.16139120885783856,0.013236410222742944
2LE4-07,0.9477488991459148,0.0013944380179617315,0.16139120885783673,0.013236410222742944
2LE4-08,0.8934899489033181,0.0032386027306818966,0.16139120885783537,0.013236410222742944
2LE4-13,0.9166256094380515,0.004422743515047893,0.16089622172593815,0.013125815966266871
4LE4-01,0.9006275463086129,0.006051175718516024,0.24067014719084498,0.009220410161316972
4LE4-02,0.896423274932427,0.005359228664838163,0.24032115762621148,0.009176228928073385
4LE4-03,0.9709929799953468,0.002529155211738114,0.23814427458673468,0.009061808463875432
4LE4-04,1.0000000000000153,0,0.2387608578082659,0.009095533199970841
4LE4-05,0.8362748531985,0.005447814979510814,0.23793337621207966,0.009060770782140475
4LE4-06,0.9814505352212056,0.0014251623201024153,0.23545582845452215,0.008875014070779215
4LE4-07,0.6443501433051669,0.006235929344165085,0.22848875654960354,0.008841251496963933
4LE4-08,0.5113793308801342,0.024491067391617,0.2071911175952986,0.008868888754873227
4LE4-09,0.6488182766734906,0.012245043053686845,0.20393129841264984,0.009051018743644884
4LE4-10,0.7140990990185699,0.0054787710873929855,0.19691385902928357,0.009200499804329661
4LE4-11,0.8261665589286661,0.006209859681361996,0.23888906246687158,0.009074606483472154
4LE4-18,0.9919995189689428,8.242436521395015e-4,0.24053260781683547,0.00919325029713339
3SI5-01,0.42265265483871645,0.010350057462364705,0.008947230619487195,0.016143080197622433
3SI5-02,0.4755370907380762,0.008896278517452883,0.004753052400698821,0.020562706259450305
3SI5-04,0.5369953060377802,0.01029971051047864,0.003990875644511673,0.013427058963105119
3SI5-05,0.48284898655731073,0.007728505049656112,0.003990875644511593,0.013427058963105119
3SI5-06,0.39267219853089813,0.009004817531912082,0.003990875644511612,0.013427058963105119
4SI3-01,0.4631288567303583,0.017343668931207246,0.06524285150837357,0.019730315806280204
4SI3-02,0.515302227313037,0.014558807205879395,0.06537318822968605,0.019707373870963024
4SI3-03,0.5216893195605145,0.008653444345693087,0.06609706212431897,0.01977245489071625
4SI3-04,0.5582824185427983,0.015070068553789655,0.06609706212431929,0.01977245489071625
3SI4-01,0.5653892390287334,0.00591732056276642,0.005627099727905145,0.011070356699787126
3SI4-02,0.5095006138492703,0.006421725351395754,0.00562709972790519,0.011070356699787126
3SI4-03,0.7243958451814388,0.007115153465781924,0.005627099727905067,0.011070356699787126
3SI4-04,0.6860230169166373,0.007757012159412273,0.005627099727905311,0.011070356699787126
3SI4-05,0.6389158487631909,0.006853498576680792,0.005627099727905186,0.011070356699787126
3SI4-10,0.5060111856330008,0.007790885179226137,0.005627099727905178,0.011070356699787126
5SI4-01,0.3705543835506337,0.02067797720064014,0.02999338699715023,0.023228617192208274
5SI4-02,0.2994277214628691,0.0247220312999853,0.02999338699715136,0.023228617192208274
5SI4-03,0.31154833375752794,0.023727489613991706,0.029993386997152104,0.023228617192208274
5SI4-05,0.5357308096693889,0.016783418453837233,0.029993386997150928,0.023228617192208274
3LE3-01,0.9597538023990922,0.0028181123963384436,0.2632373809174954,0.012414616965872278
3LE3-02,1.0000000000000653,0,0.26130197590723814,0.012415688223401198
3LE3-03,0.9576147296714902,0.003391212028393063,0.2614150549856745,0.0124116600537818
3LE3-04,0.9032701835009639,0.008625947299155709,0.2667880835434644,0.012452291122985036
3LE3-05,0.8848892451089954,0.009493620252554267,0.27093186734892205,0.012587684082891645
3LE3-06,0.9925527348979531,0.0016876332945278216,0.2669193112648482,0.012435834746255588
3LE3-07,0.885714854133084,0.008222362200805704,0.26925058144536834,0.012545886421922257
1SI3-01,0.5542301641857552,0.010116012468619658,0.011987770525399111,0.015823864495441403
1SI3-02,0.46994907965015453,0.01214925900684632,0.01198777052539956,0.015823864495441403
1SI3-03,0.4605597085369216,0.014081823419588394,0.011987770525399224,0.015823864495441403
1SI3-04,0.318818048563107,0.02366845080649869,0.011987770525398492,0.015823864495441403
1SI3-05,0.2155279711327019,0.03079393463178949,0.01198777052539909,0.015823864495441403
2LE6-01,0.9460468028161992,0.005063029193161101,0.2366357007772534,0.012542774699685339
2LE6-02,0.7287198280367819,0.007872272329953073,0.1767589185658966,0.013459326312712863
2LE6-03,0.775218780254698,0.008233618012184056,0.17198981808922986,0.013226186732849855
2LE6-04,0.8244363156075596,0.004824560562732391,0.17004899052672864,0.012971011192211399
2LE6-05,0.8759269746553261,0.0022425911804141246,0.1661323918967631,0.012525214445023133
2LE6-06,0.8353922373046668,0.004535910125394338,0.16096013573538123,0.012311316560921147
2LE6-07,0.8956942120309085,0.010834108740132636,0.1839056441205991,0.012806007487676636
2LE6-08,0.9617386085496079,0.003042328073613622,0.1988669044661983,0.012463545006461458
2LE6-09,0.8387914961595956,0.014329613963897005,0.21587941509233485,0.012477561285989924
2LE6-10,0.8250209314465741,0.00948812359255378,0.22949885803384415,0.012561247158099925
2LE6-20,0.7395689285830832,0.005122587368009321,0.19213659805896355,0.01231767536516803
2LE6-22,0.927823185209572,0.00782239151538346,0.20932014653283226,0.012345362372005128
1LI3-01,0.956659785003937,0.0021330483224934345,0.2836807208505305,0.00506677965058109
1LI3-02,0.8635581855654729,0.0031555317451689656,0.2686057525394928,0.005133739356937355
1LI3-03,0.815745711582135,0.004976463552830315,0.24951307913440812,0.005180087471979928
1LI3-04,0.7516383904007803,0.005140765541864182,0.2349761291677964,0.0051943603070384176
1LI3-05,0.8590843223684854,0.005694792280309675,0.2386487197241369,0.0053611249107931944
1LI3-06,0.8325361444786256,0.005348911286370638,0.2670325813000507,0.005084265265066574
1LI3-07,0.8978313399227744,0.004030161450642017,0.2841480236348111,0.005029567518180406
2LE5-01,0.9848317866474209,0.002727453221431983,0.34782302604574417,0.005818375177739708
2LE5-02,1.0000000000000426,0,0.321279190287682,0.005653057310520331
2LE5-03,1.0000000000000249,0,0.27208257164003996,0.005734106636146998
2LE5-04,0.9999999999999906,0,0.23141927230720996,0.00562043635203286
2LE5-05,1.0000000000000415,0,0.19939899995905586,0.0053123118215847465
2LE5-06,0.995321412096763,5.894188072478152e-4,0.17806831330051776,0.004646003767686286
2LE5-07,1.0000000000000404,0,0.24849815239367673,0.005563501994520632
2LE5-08,0.9999999999999668,0,0.291520584617803,0.005604648134325498
2LE5-09,0.8057154688812735,0.0033492528528241473,0.1664163383421486,0.004153087304958659
2LE5-11,0.9982638066757509,5.190628085454686e-4,0.3286064579220594,0.005691643925034735
2LE5-16,0.9744994250161992,0.004168589438385561,0.34831375533583675,0.005784344450852018
2LE5-23,1.0000000000000226,0,0.2860275028449586,0.00566131620392695
2LE5-26,0.9999999999999988,0,0.29850083414657486,0.005728767599430168
2LE5-27,1.0000000000000047,0,0.28875604002161565,0.005677946658722402
2LE5-28,0.7905652663298968,0.0029378780177796173,0.2967684455611138,0.005765554536292107
2LE5-31,0.9999999999999906,0,0.2637672320553171,0.005701559691298854
2LE5-32,0.9881074624761614,0.0011118167344365273,0.24851161977085282,0.005826742410332354
3LE2b-01,1.0000000000000642,0,0.4970954294532199,0.007980100297971745
3LE2b-02,0.9999999999999086,0,0.5030420667706332,0.008050445198961502
3LE2b-03,0.9962136826791478,5.305183677699392e-4,0.505847093163364,0.008102863263852829
3LE2b-04,1.000000000000082,0,0.5110695685224088,0.008225326908674054
3LE2b-05,0.8637935850636552,0.003313272253849396,0.5090990859675661,0.008451410218612284
3LE2b-06,0.8280164175754576,0.00831929734397732,0.5047875119915527,0.008289448472235372
3LE2b-07,0.9347188992790239,0.00559797515621888,0.4998330012372581,0.00806588177966843
